<?xml version="1.0" encoding="UTF-8"?>
<project-private xmlns="http://www.netbeans.org/ns/project-private/1">
    <editor-bookmarks xmlns="http://www.netbeans.org/ns/editor-bookmarks/2" lastBookmarkId="0"/>
    <open-files xmlns="http://www.netbeans.org/ns/projectui-open-files/2">
        <group>
            <file>file:/C:/Users/jyoti/OneDrive/Documents/NetBeansProjects/InventoryManagementSystem/src/InventoryManagementSystem/RemoveProduct.java</file>
            <file>file:/C:/Users/jyoti/OneDrive/Documents/NetBeansProjects/InventoryManagementSystem/src/InventoryManagementSystem/UpdateProduct.java</file>
            <file>file:/C:/Users/jyoti/OneDrive/Documents/NetBeansProjects/InventoryManagementSystem/src/InventoryManagementSystem/InventoryManagementSystem.java</file>
            <file>file:/C:/Users/jyoti/OneDrive/Documents/NetBeansProjects/InventoryManagementSystem/src/InventoryManagementSystem/DBConnection.java</file>
            <file>file:/C:/Users/jyoti/OneDrive/Documents/NetBeansProjects/InventoryManagementSystem/src/InventoryManagementSystem/AddProduct.java</file>
            <file>file:/C:/Users/jyoti/OneDrive/Documents/NetBeansProjects/InventoryManagementSystem/src/InventoryManagementSystem/ViewProducts.java</file>
        </group>
    </open-files>
</project-private>
